Category,Topic
Science,Gravity
Science,Photosynthesis
Science,DNA
Science,The water cycle
Science,Electricity
Science,States of matter
Science,Atoms
Science,Magnetism
Science,Evolution
Science,Sound waves
Technology,Artificial Intelligence
Technology,The Internet
Technology,How computers work
Technology,Cybersecurity
Technology,Social media
Technology,Robots
Technology,Machine learning
Technology,Smartphones
Technology,Virtual reality
Politics & Society,Democracy
Politics & Society,Taxes
Politics & Society,Human rights
Politics & Society,Immigration
Politics & Society,Freedom of speech
Politics & Society,Justice
Politics & Society,Elections
Politics & Society,Police systems
Politics & Society,Governments
Politics & Society,Social equality
Health,Vaccines
Health,Nutrition
Health,Exercise
Health,Mental health
Health,Sleep
Health,Diseases
Health,Medicines
Health,Hygiene
Health,The human body
History,World War II
History,The Cold War
History,Ancient Egypt
History,The Roman Empire
History,Slavery
History,Industrial Revolution
History,Civil Rights Movement
History,The Vikings
History,Colonialism
Environment,Climate change
Environment,Recycling
Environment,Pollution
Environment,Renewable energy
Environment,Deforestation
Environment,Biodiversity
Environment,Carbon footprint
Environment,Sustainability
Environment,Water scarcity
Economics & Philosophy,Supply and demand
Economics & Philosophy,Inflation
Economics & Philosophy,Capitalism
Economics & Philosophy,Ethics
Economics & Philosophy,Utilitarianism
Economics & Philosophy,Free will
Economics & Philosophy,Markets
Economics & Philosophy,Scarcity
